"id","average","latitude","longitude","elevation","state","name","total19","city"
"USW00021504",28667.4,19.7192,-155.0531,11.6,"HI","HILO INTL AP",25615,"Hilo"
"USW00094240",26770.1,47.9375,-124.555,56.4,"WA","QUILLAYUTE STATE AP",20567,"Forks"
"USS0021B01S",23590.4,47.75,-121.09,1204,"WA","Stevens Pass",16650,"Skykomish"
"USS0022E07S",22089.1,44.39,-122.17,1072.9,"OR","Jump Off Joe",16685,"Foster"
"USC00455840",20536,48.6758,-121.2419,160,"WA","NEWHALEM",14460,"Rockport"
"USC00084461",19822.1,26.86,-80.0553,1.5,"FL","JUNO BEACH",22728,"North Palm Beach"
"USC00352973",19230.4,44.0039,-124.0947,22.9,"OR","FLORENCE #2",16471,"Florence"
"USC00353705",19078.4,45.3128,-123.35,230.4,"OR","HASKINS DAM",12930,"Yamhill"
"USW00094224",18615.2,46.1569,-123.8825,2.7,"OR","ASTORIA RGNL AP",13092,"Warrenton"
"USW00025501",18605.4,57.7511,-152.4856,24.4,"AK","KODIAK AP",18739,"Kodiak"
"USC00451679",18492.4,48.5397,-121.7422,59.4,"WA","CONCRETE PPL FISH STN",13315,"Concrete"
"USC00355221",18407,44.6125,-121.9486,754.4,"OR","MARION FORKS FISH HATCHERY",13944,"Idanha"
"USC00097827",18283.2,34.6647,-83.7342,484.9,"GA","SAUTEE 3W",20572,"Sautee Nacoochee"
"USW00013899",18061.5,30.4781,-87.1869,34.1,"FL","PENSACOLA RGNL AP",13356,"Pensacola"
"USC00160558",17997.5,30.4494,-91.0478,16.8,"LA","BATON ROUGE SHERWOOD",19285,"Baton Rouge"
"USC00406162",17961.6,35.2242,-85.8414,563.9,"TN","MONTEAGLE",20801,"Monteagle"
"USW00094225",17763.4,46.9728,-123.9303,3.7,"WA","HOQUIAM BOWERMAN AP",11484,"Hoquiam"
"USW00012839",17524.2,25.7906,-80.3164,8.8,"FL","MIAMI INTL AP",17070,"Miami"
"USW00013894",17208.2,30.6794,-88.2397,63.4,"AL","MOBILE",16443,"Mobile"
"US1FLOK0029",17049.8,30.4109,-86.6475,4.9,"FL","MARY ESTHER 0.6 E",13876,"Mary Esther"
"USW00013970",16880.6,30.5372,-91.1469,19.5,"LA","BATON ROUGE RYAN AP",16285,"Baton Rouge"
"RQW00011641",16836.8,18.4325,-66.0108,2.7,"PR","SAN JUAN L M MARIN AP",11937,"Carolina"
"USW00025309",16807,58.3567,-134.5639,4.9,"AK","JUNEAU INTL AP",15362,"Juneau"
"USC00164700",16625.7,30.2003,-92.6642,7.6,"LA","JENNINGS",17515,"Jennings"
"US1FLMD0022",16617.3,25.665,-80.4395,2.7,"FL","HAMMOCKS 0.5 SSE",16002,"Miami"
"USC00400284",16467.3,35.4322,-84.5833,286.5,"TN","ATHENS",19226,"Athens"
"USW00093874",16318.2,30.4119,-89.0808,12.8,"MS","GULFPORT - BILOXI AP",12503,"Gulfport"
"USW00012916",16172.6,29.9933,-90.2511,1.2,"LA","NEW ORLEANS INTL AP",15889,"Kenner"
"USC00462211",16049.7,39.0981,-79.4322,1132.3,"WV","DAVIS 3SE",16210,"Davis"
"US1FLHB0004",15923.1,27.9125,-82.2261,32.9,"FL","VALRICO 2.2 SE",17290,"Valrico"
"USW00013748",15834.2,34.2675,-77.8997,10.1,"NC","WILMINGTON INTL AP",12471,"Wilmington"
"USC00226527",15812.8,34.9536,-89.8297,117.3,"MS","OLIVE BRANCH",21633,"Olive Branch"
"USW00013833",15653.3,31.2819,-89.2531,46,"MS","HATTIESBURG CHAIN MUNI AP",16924,"Hattiesburg"
"USW00003937",15647.3,30.125,-93.2158,4,"LA","LAKE CHARLES",16773,"Lake Charles"
"USC00177238",15570.3,45.0853,-67.1206,35.1,"ME","ROBBINSTON",17787,"Robbinston"
"USW00003940",15523.3,32.3206,-90.0778,100.6,"MS","JACKSON INTL AP",16298,"Flowood"
"USC00449272",15499.6,36.7736,-80.2622,385,"VA","WOOLWINE 1 SE",14368,"Woolwine"
"US1TNHT0001",15347.4,36.3087,-87.7842,210,"TN","TENNESSEE RIDGE 1.4 SW",15639,"Tennessee Ridge"
"US1MSLD0008",15344,32.5498,-88.8206,118,"MS","COLLINSVILLE 4.0 NNE",17175,"Collinsville"
"USC00405956",15313.5,35.1297,-89.8036,94.5,"TN","MEMPHIS WFO",19485,"Memphis"
"USC00220656",15274.6,34.4772,-88.1994,186.5,"MS","BELMONT 2 SSE",19507,"Golden"
"US1FLBV0001",15133.8,27.9512,-80.642,11.9,"FL","PALM BAY 2.6 SSE",17226,"Palm Bay"
"USW00003847",15126.3,35.9508,-85.0814,569.1,"TN","CROSSVILLE MEM AP",17265,"Crossville"
"USC00030130",15057.6,34.7961,-92.8417,212.8,"AR","ALUM FK",18778,"Paron"
"USC00407184",14882.6,35.5983,-85.1939,263.3,"TN","PIKEVILLE",17821,"Pikeville"
"USC00408868",14875.5,36.465,-83.5603,416.1,"TN","TAZEWELL",18203,"Tazewell"
"USC00408160",14827.3,35.1647,-88.5994,143.3,"TN","SELMER",18246,"Selmer"
"US1MSWN0002",14817.4,32.9751,-89.117,145.1,"MS","NOXAPATER 3.3 WSW",19214,"Noxapater"
"USC00303851",14797.4,43.5753,-75.5208,537.4,"NY","HIGHMARKET",16614,"Constableville"
"USW00093805",14641.7,30.3975,-84.3289,19.2,"FL","TALLAHASSEE",9925,"Tallahassee"
"USW00013865",14628.3,32.3347,-88.7442,89.6,"MS","MERIDIAN KEY FLD",15404,"Meridian"
"USS0019K07S",14628.1,39.32,-119.89,2682.5,"NV","Mt Rose Ski Area",20487,"Reno"
"USW00093862",14556,34.2622,-88.7714,110,"MS","TUPELO RGNL AP",19557,"Tupelo"
"US1TNMY0008",14550.3,35.6072,-87.0592,220.1,"TN","COLUMBIA 1.2 SSW",16438,"Columbia"
"USC00157215",14547.6,36.7461,-86.2258,226.5,"KY","SCOTTSVILLE",17652,"Scottsville"
"US1TNRD0001",14525.9,35.9247,-86.4367,167.9,"TN","MURFREESBORO 5.5 NNW",17523,"Murfreesboro"
"US1INDB0001",14457.2,38.2929,-86.9611,153.3,"IN","HUNTINGBURG 0.4 SSW",17320,"Huntingburg"
"USC00365344",14397.4,40.8344,-76.1353,521.2,"PA","MAHANOY CITY 2 N",14398,"Mahanoy City"
"USC00155097",14380.2,37.1317,-86.1481,231.6,"KY","MAMMOTH CAVE",16481,"Park City"
"US1KYTD0002",14361.5,36.6534,-87.184,164.6,"KY","GUTHRIE 0.8 WNW",15548,"Guthrie"
"US1GACW0002",14351.5,33.4273,-84.6607,270.4,"GA","SHARPSBURG 6.0 N",13960,"Sharpsburg"
"USW00013893",14322.6,35.0564,-89.9864,77.4,"TN","MEMPHIS INTL AP",18713,"Memphis"
"USC00154958",14268.5,38.115,-85.6444,192.6,"KY","LOUISVILLE WFO",15030,"Louisville"
"USW00013882",14267.4,35.0311,-85.2014,204.5,"TN","CHATTANOOGA LOVELL AP",16055,"Chattanooga"
"USW00003811",14257.2,35.5931,-88.9167,132,"TN","JACKSON MCKELLAR AP",16810,"Jackson"
"USC00414325",14241.2,29.66,-95.6275,15.2,"TX","HOUSTON-WESTBURY",14030,"Sugar Land"
"US1GACW0009",14170.3,33.384,-84.8338,266.4,"GA","NEWNAN 2.6 W",14447,"Newnan"
"USW00013876",14155.5,33.5656,-86.745,187.5,"AL","BIRMINGHAM AP",13355,"Birmingham"
"USC00178792",14155.1,45.4353,-67.7214,189,"ME","TOPSFIELD 2",15486,"Topsfield"
"USW00013942",14147.6,32.5156,-92.0406,24.1,"LA","MONROE RGNL AP",15662,"Monroe"
"USW00003952",14115.2,34.8364,-92.2619,173.1,"AR","LITTLE ROCK",16810,"North Little Rock"
"USW00003889",14109.7,37.5908,-83.3131,415.7,"KY","JACKSON",14629,"Jackson"
"USW00003856",14074.1,34.6439,-86.7861,190.2,"AL","HUNTSVILLE INTL AP",15659,"Madison"
"US1GAFT0019",13931.6,33.7014,-84.5722,264.6,"GA","EAST POINT 6.3 WNW",14016,"Atlanta"
"US1PABR0002",13901.8,40.3162,-75.9887,97.5,"PA","READING 3.5 SW",16916,"Reading"
"USC00301625",13856.5,42.6472,-78.7111,467.9,"NY","COLDEN 1W",13935,"Colden"
"USC00085359",13853.5,25.9492,-81.7139,3,"FL","MARCO IS",14500,"Marco Island"
"USW00013880",13827.5,32.8986,-80.0403,12.2,"SC","CHARLESTON INTL AP",12565,"Charleston Afb"
"USW00012842",13786.3,27.9619,-82.5403,5.8,"FL","TAMPA INTL AP",15438,"Tampa"
"USW00093820",13781.4,38.0408,-84.6058,298.7,"KY","LEXINGTON BLUEGRASS AP",14241,"Lexington"
"USW00013891",13759.3,35.8181,-83.9858,293.2,"TN","KNOXVILLE MCGHEE TYSON AP",16336,"Alcoa"
"US1INOW0009",13741,39.1858,-86.7782,235.9,"IN","SPENCER 7.0 S",16524,"Spencer"
"USC00166584",13727.3,31.8142,-93.0856,43,"LA","NATCHITOCHES #2",15433,"Natchitoches"
"USC00450482",13687.2,45.7717,-122.5286,86.6,"WA","BATTLE GROUND",10323,"Battle Ground"
"USW00003816",13662.9,37.0683,-88.7719,119.5,"KY","PADUCAH",17855,"West Paducah"
"US1INWK0005",13654.1,38.0805,-87.2758,143,"IN","BOONVILLE 2.4 N",16898,"Boonville"
"USC00382735",13653.7,32.6072,-80.3258,3.7,"SC","EDISTO IS MIDDLETON PLANTATION",14750,"Edisto Island"
"USW00013963",13630.1,34.7272,-92.2389,78.6,"AR","LITTLE ROCK AP ADAMS FLD",15364,"Little Rock"
"USW00003812",13612,35.4319,-82.5375,645.3,"NC","ASHEVILLE RGNL AP",14538,"Fletcher"
"USC00065445",13599.1,41.9725,-73.2208,408.4,"CT","NORFOLK 2 SW",13529,"Norfolk"
"USC00190736",13556,42.2122,-71.1136,190.5,"MA","BLUE HILL",14517,"Milton"
"USW00013897",13523.4,36.1189,-86.6892,182.9,"TN","NASHVILLE INTL AP",16329,"Nashville"
"USW00093808",13475.4,36.9647,-86.4239,160.9,"KY","BOWLING GREEN WARREN CO AP",15782,"Bowling Green"
"USW00012918",13445.7,29.6381,-95.2819,13.4,"TX","HOUSTON HOBBY AP",14005,"Houston"
"USC00195984",13401.9,41.9928,-71.1667,29,"MA","NORTON W",14937,"Norton"
"USW00093821",13259.2,38.1811,-85.7392,148.7,"KY","LOUISVILLE INTL AP",13547,"Louisville"
"USC00171131",13257.6,43.2242,-70.6389,46.3,"ME","CAPE NEDDICK",14690,"Cape Neddick"
"USC00443375",13239,37.6183,-79.4358,224.6,"VA","GLASGOW 1 SE",12375,"Buena Vista"
"USW00024227",13231,46.9733,-122.9033,57.3,"WA","OLYMPIA AP",9433,"Olympia"
"US1NCWK0013",13226.1,35.8624,-78.5665,103.9,"NC","RALEIGH 5.9 ENE",12742,"Raleigh"
"USC00185934",13207.4,39.7194,-76.8028,262.1,"MD","MILLERS 4 NE",12239,"Manchester"
"USC00193624",13196.7,42.2269,-70.9125,10.7,"MA","HINGHAM",15819,"Hingham"
"US1NCNS0002",13106.4,35.9713,-78.0134,68.3,"NC","NASHVILLE 3.2 W",12190,"Nashville"
"USC00448192",13089.4,36.7297,-76.6014,6.7,"VA","SUFFOLK LAKE KILBY",12639,"Suffolk"
"USW00003870",13072.8,34.8831,-82.2203,286.5,"SC","GREER",13190,"Greer"
"USC00173862",13022.1,43.6475,-70.675,92.7,"ME","HOLLIS",13586,"Hollis Center"
"USW00013874",12994.7,33.63,-84.4417,307.8,"GA","ATLANTA HARTSFIELD INTL AP",11114,"Atlanta"
"US1DENC0002",12987.4,39.6249,-75.7861,33.8,"DE","NEWARK 3.9 SSW",13118,"Newark"
"USW00012960",12980.7,29.98,-95.36,29,"TX","HOUSTON INTERCONT AP",13200,"Houston"
"USC00360868",12953.9,41.8981,-78.7144,506,"PA","BRADFORD 4SW RSCH 5",13821,"Bradford"
"USW00014737",12939.9,40.6508,-75.4492,118.9,"PA","ALLENTOWN INTL AP",15416,"Catasauqua"
"USW00094728",12898.9,40.7789,-73.9692,39.6,"NY","NEW YORK CNTRL PK TWR",13478,"New York"
"USW00013895",12863.3,32.2997,-86.4075,61.6,"AL","MONTGOMERY AP",12114,"Montgomery"
"USC00368361",12859.8,41.8161,-80.425,306.3,"PA","SPRINGBORO 3 WNW",12963,"Springboro"
"USW00094746",12854.7,42.2706,-71.8731,304.8,"MA","WORCESTER RGNL AP",13919,"Worcester"
"USW00012834",12790.2,29.1828,-81.0483,9.4,"FL","DAYTONA BEACH INTL AP",14984,"Daytona Beach"
"USS0022F18S",12781,43.19,-122.14,1609.3,"OR","Diamond Lake",11417,"Chemult"
"USC00091500",12747.6,31.1903,-84.2036,53.3,"GA","CAMILLA 3SE",10917,"Camilla"
"USW00013873",12727.8,33.9481,-83.3275,239.3,"GA","ATHENS BEN EPPS AP",11763,"Athens"
"USC00175736",12699.2,44.6353,-70.0003,146.3,"ME","NEW SHARON",13083,"New Sharon"
"US1DENC0010",12684.2,39.7256,-75.6488,20.7,"DE","NEWPORT 2.4 WNW",12301,"Wilmington"
"USS0015B02S",12678.1,47.46,-115.71,1566.7,"ID","Lookout",9604,"Mullan"
"USW00093718",12676.6,33.8117,-78.7239,9.8,"SC","N MYRTLE BCH AP",14230,"North Myrtle Beach"
"USW00012816",12671.1,29.6919,-82.2756,37.5,"FL","GAINESVILLE RGNL AP",12635,"Gainesville"
"USC00178817",12655,44.2822,-70.2561,172.2,"ME","TURNER",13066,"Turner"
"USC00361810",12647.5,41.7392,-77.9711,655.3,"PA","COUDERSPORT 7SE",14074,"Coudersport"
"USC00387687",12616.6,34.6111,-82.7269,233.2,"SC","SANDY SPRINGS 2 NE",10626,"Pendleton"
"USW00012815",12614,28.4339,-81.325,27.4,"FL","ORLANDO INTL AP",12197,"Orlando"
"US1FLLK0003",12612.2,28.565,-81.824,34.1,"FL","GROVELAND 1.7 E",12336,"Groveland"
"US1NHMR0006",12611.2,43.52,-71.819,285,"NH","DANBURY 2.2 ESE",12673,"Danbury"
"US1INDV0001",12609.6,38.6754,-87.19,145.1,"IN","WASHINGTON 1.5 NW",15736,"Washington"
"USC00170409",12602.3,43.9317,-69.8564,7.6,"ME","BATH",13811,"Bath"
"USW00013889",12573.5,30.4844,-81.7019,10.1,"FL","JACKSONVILLE",11781,"Jacksonville"
"USC00172048",12559.6,43.9997,-70.0964,42.7,"ME","DURHAM",13396,"Durham"
"USC00300321",12554.1,42.9328,-76.5447,234.7,"NY","AUBURN",12839,"Auburn"
"USW00014764",12533.6,43.6497,-70.3003,13.7,"ME","PORTLAND INTL JETPORT",13264,"Portland"
"USW00093814",12526.3,39.0431,-84.6717,264.9,"KY","CINCINNATI NORTHERN KY AP",13400,"Hebron"
"USC00317845",12507.8,35.3111,-81.5708,249.9,"NC","SHELBY 2 NW",13371,"Shelby"
"USW00093842",12491.3,32.5161,-84.9422,119.5,"GA","COLUMBUS METRO AP",12445,"Columbus"
"USW00012838",12476.5,28.1011,-80.6439,8.2,"FL","MELBOURNE INTL AP",14154,"Melbourne"
"USW00003860",12475.5,38.365,-82.555,251.2,"WV","HUNTINGTON TRI STATE AP",12550,"Huntington"
"USW00014765",12430.9,41.7219,-71.4325,18.3,"RI","PROVIDENCE T F GREEN AP",13207,"Warwick"
"USC00353971",12420.7,44.3525,-122.7842,185.9,"OR","HOLLEY",10940,"Sweet Home"
"USW00014711",12380.6,40.1936,-76.7633,95.1,"PA","MIDDLETOWN HARRISBURG INTL AP",12178,"Middletown"
"USC00367732",12360.6,39.8958,-76.3947,59.4,"PA","SAFE HARBOR DAM",12464,"Brogue"
"USC00317202",12349.8,36.3797,-79.6944,271.3,"NC","REIDSVILLE 2 NW",12616,"Reidsville"
"USW00014734",12323.8,40.6825,-74.1694,2.1,"NJ","NEWARK INTL AP",14884,"Elizabeth"
"USW00013722",12311,35.8922,-78.7819,126.8,"NC","RALEIGH DURHAM INTL AP",10919,"Morrisville"
"USW00053860",12279.4,30.3361,-81.5147,12.5,"FL","JACKSONVILLE CRAIG MUNI AP",12097,"Jacksonville"
"USW00014740",12257.8,41.9381,-72.6825,57.9,"CT","HARTFORD BRADLEY INTL AP",13333,"Windsor Locks"
"USC00319675",12249.7,36.1306,-80.5481,266.7,"NC","YADKINVILLE 6 E",11944,"Yadkinville"
"USC00235027",12249.1,37.3908,-93.9492,328.3,"MO","LOCKWOOD",15369,"Lockwood"
"USW00013866",12236.1,38.3794,-81.59,277.4,"WV","CHARLESTON YEAGER AP",11925,"Charleston"
"US1INHN0011",12233.3,39.937,-85.9,259.1,"IN","MCCORDSVILLE 2.6 NE",12831,"Fortville"
"USC00314996",12231.9,35.4606,-81.3297,270.4,"NC","LINCOLNTON 4 W",13699,"Lincolnton"
"USC00406534",12230.3,35.9833,-83.2008,315.8,"TN","NEWPORT 1 NW",14632,"Newport"
"USW00013957",12201.8,32.4506,-93.8411,83.2,"LA","SHREVEPORT",10886,"Shreveport"
"USW00013964",12189.4,35.3331,-94.3625,136.9,"AR","FT SMITH RGNL AP",17150,"Fort Smith"
"USC00446475",12183.8,37.5844,-75.8217,9.1,"VA","PAINTER 2 W",11785,"Painter"
"USW00003962",12158,34.29,-93.06,163.1,"AR","HOT SPRINGS ASOS",13302,"Bismarck"
"USS0021C28S",12127.8,46.64,-121.38,1353.3,"WA","White Pass E.S.",8597,"Naches"
"USW00093987",12111,31.2361,-94.7544,87.8,"TX","LUFKIN ANGELINA CO AP",10596,"Diboll"
"US1NCGL0008",12099.2,36.1515,-79.7968,242.3,"NC","GREENSBORO 5.3 NNE",13168,"Greensboro"
"USW00013786",12080.4,36.2606,-76.175,4,"NC","ELIZABETH CITY CGAS",13977,"Elizabeth City"
"USW00013781",12067.3,39.6728,-75.6008,24.1,"DE","WILMINGTON NEW CASTLE CO AP",12189,"New Castle"
"USW00012923",12034.3,29.2733,-94.8592,1.5,"TX","GALVESTON SCHOLES FLD",15052,"Galveston"
"USW00093721",12015.6,39.1667,-76.6833,47.5,"MD","BALTIMORE WASH INTL AP",9691,"Hanover"
"US1ILSC0003",12013.9,38.5096,-89.9711,157.9,"IL","BELLEVILLE 2.2 SE",13913,"Belleville"
"USC00193276",12009.8,42.7467,-71.0425,9.1,"MA","GROVELAND",12742,"Groveland"
"USS0013A27S",11956.7,48.8,-113.67,1493.5,"MT","Many Glacier",10385,"Cut Bank"
"USW00093720",11907.2,38.3406,-75.5103,14.6,"MD","SALISBURY WICOMICO RGNL AP",9374,"Salisbury"
"USC00272302",11905.4,42.8267,-71.6261,73.2,"NH","E MILFORD",11613,"Milford"
"USW00003822",11860.5,32.13,-81.21,14,"GA","SAVANNAH INTL AP",13050,"Savannah"
"USW00004781",11855.5,40.7939,-73.1017,25.6,"NY","ISLIP LI MACARTHUR AP",12386,"Ronkonkoma"
"USC00190120",11824.5,42.3861,-72.5375,44.2,"MA","AMHERST",11424,"Amherst"
"USC00351897",11823.3,43.7917,-123.0275,181.4,"OR","COTTAGE GROVE 2E",10717,"Cottage Grove"
"US1MOFSA065",11820.3,37.6605,-91.5535,344.1,"MO","SALEM 1.8 NW",13694,"Salem"
"USC00237263",11765.4,37.9567,-91.7761,357.5,"MO","ROLLA MISSOURI S&T",12826,"Rolla"
"USC00313555",11748.2,36.0503,-79.3728,201.2,"NC","GRAHAM 2 ENE",13307,"Graham"
"US1ILWL0051",11723.5,41.5819,-88.1937,181.1,"IL","PLAINFIELD 2.4 SSE",16188,"Plainfield"
"USW00013877",11709.4,36.4731,-82.4044,457.2,"TN","BRISTOL TRI CITY AP",14223,"Blountville"
"USW00014732",11698.7,40.7794,-73.8803,3.4,"NY","NEW YORK LAGUARDIA AP",12921,"East Elmhurst"
"USW00014778",11682.9,41.2433,-76.9217,158.5,"PA","WILLIAMSPORT",12365,"Montoursville"
"USW00013741",11634.6,37.3169,-79.9742,358.1,"VA","ROANOKE RGNL AP",10809,"Roanoke"
"USW00013971",11633.4,36.2667,-93.1567,418.8,"AR","HARRISON BOONE CO AP",14474,"Harrison"
"USC00274234",11615.6,42.7831,-71.4147,56.4,"NH","HUDSON 1 SSE",13372,"Hudson"
"USW00003813",11610.2,32.6847,-83.6528,104.5,"GA","MACON MIDDLE GA RGNL AP",11324,"Macon"
"USW00013723",11609.6,36.0969,-79.9433,271.3,"NC","PIEDMONT TRIAD INTL AP",13207,"Greensboro"
"USC00368469",11595,41.4039,-78.0183,284.1,"PA","STEVENSON DAM",13903,"Austin"
"USW00004725",11594.1,42.1997,-75.985,489.5,"NY","BINGHAMTON",11182,"Johnson City"
"USC00307705",11583.4,42.6772,-75.5067,333.8,"NY","SHERBURNE",11183,"Sherburne"
"USW00013740",11583.2,37.505,-77.3203,50,"VA","RICHMOND INTL AP",10902,"Richmond"
"USW00014860",11574,42.08,-80.1825,222.5,"PA","ERIE INTL AP",10273,"Erie"
"USC00128784",11568.9,40.2233,-86.1086,271.3,"IN","TIPTON 5 SW",10262,"Tipton"
"USS0005J37S",11561.6,40.53,-105.89,3084.6,"CO","Joe Wright",11357,"Bellvue"
"USW00013883",11561.5,33.9486,-81.1186,70.4,"SC","COLUMBIA",10744,"West Columbia"
"USW00094702",11556.7,41.1583,-73.1289,1.5,"CT","BRIDGEPORT SIKORSKY MEM AP",12982,"Stratford"
"USC00441955",11550.8,37.2819,-78.9592,248.4,"VA","CONCORD 4 SSW",11659,"Concord"
"USS0015C05S",11537.1,46.49,-115.8,938.8,"ID","Pierce R.S.",10526,"Pierce"
"US1OHMD0002",11528.4,41.2498,-81.8133,342,"OH","BRUNSWICK 0.5 NE",11082,"Brunswick"
"USW00013736",11475,39.6428,-79.9164,378,"WV","MORGANTOWN HART FLD",11444,"Morgantown"
"USC00444148",11470.7,37.1258,-79.525,273.4,"VA","HUDDLESTON 4 SW",12172,"Huddleston"
"USW00094789",11467.3,40.6386,-73.7622,3.4,"NY","NEW YORK JFK INTL AP",13216,"Springfield Gardens"
"USW00013995",11461.5,37.2353,-93.4003,389.5,"MO","SPRINGFIELD",13841,"Springfield"
"USW00013881",11450.7,35.2236,-80.9553,221.9,"NC","CHARLOTTE DOUGLAS AP",13730,"Charlotte"
"USW00003872",11443.7,37.7836,-81.1231,766.3,"WV","BECKLEY RALEIGH CO AP",11201,"Beaver"
"USW00093739",11442.9,37.9406,-75.4631,11.6,"VA","WALLOPS ISLAND FLIGHT FAC",11868,"Horntown"
"USW00014852",11433.8,41.2544,-80.6739,359.7,"OH","YOUNGSTOWN RGNL AP",12645,"Vienna"
"USW00093846",11403.4,34.4978,-82.7097,231.6,"SC","ANDERSON CO AP",10013,"Anderson"
"USC00125407",11369.5,39.4039,-86.453,180.4,"IN","MARTINSVILLE 2 SW",13347,"Martinsville"
"US1OHFR0003",11327,39.981,-83.0401,234.1,"OH","GRANDVIEW HEIGHTS 0.1 N",10725,"Columbus"
"USC00369408",11300.7,41.7003,-77.3872,554.1,"PA","WELLSBORO 4 SW",12150,"Wellsboro"
"USC00330279",11298.6,39.3225,-82.0994,208.5,"OH","ATHENS OU",13243,"Athens"
"USC00367409",11292.2,41.33,-77.7381,201.2,"PA","RENOVO",12041,"Renovo"
"USW00003901",11291.4,32.3847,-94.7117,111.3,"TX","LONGVIEW E TX RGNL AP",12273,"Longview"
"USW00014895",11274.3,40.9167,-81.4333,368.2,"OH","AKRON CANTON RGNL AP",11258,"Canton"
"USW00014820",11263.8,41.4131,-81.86,232.6,"OH","CLEVELAND",10163,"Cleveland"
"USW00093819",11226.8,39.7075,-86.2803,240.8,"IN","INDIANAPOLIS",11989,"Indianapolis"
"USC00117457",11222.5,41.6042,-88.085,201.2,"IL","ROMEOVILLE WFO",14433,"Romeoville"
"USW00013994",11198.2,38.7525,-90.3736,161.8,"MO","ST LOUIS LAMBERT INTL AP",13723,"Bridgeton"
"USW00014607",11180.5,46.8706,-68.0172,190.2,"ME","CARIBOU MUNI AP",10564,"Caribou"
"USC00360132",11180.3,40.4189,-78.4197,359.7,"PA","ALTOONA 7 SW",11384,"Duncansville"
"US1OHPT0012",11145,41.0085,-81.329,357.8,"OH","MOGADORE 4.7 SE",13186,"Mogadore"
"USC00440766",11138,37.2039,-80.4144,641,"VA","BLACKSBURG NWSO",10847,"Blacksburg"
"USC00368449",11136.6,40.7933,-77.8672,356.6,"PA","STATE COLLEGE",10548,"State College"
"USC00441159",11103,37.7267,-79.3628,256,"VA","BUENA VISTA",10982,"Buena Vista"
"USW00014821",11101.2,39.9914,-82.8808,246.9,"OH","COLUMBUS PORT COLUMBUS INTL AP",11173,"Columbus"
"USC00231801",11078.1,38.9425,-92.3206,219.5,"MO","COLUMBIA U OF M",11822,"Columbia"
"USW00014891",11047,40.8203,-82.5178,394.7,"OH","MANSFIELD LAHM MUNI AP",12175,"Mansfield"
"USW00004751",11044,41.8031,-78.6403,645.3,"PA","BRADFORD RGNL AP",11391,"Lewis Run"
"US1MDAL0002",11041.8,39.5768,-78.8498,230.1,"MD","CRESAPTOWN-BEL AIR 0.9 SSE",10930,"Cumberland"
"USW00014745",11013.8,43.1953,-71.5011,105.5,"NH","CONCORD MUNI AP",11489,"Concord"
"US1ILGY0001",11012.1,41.3414,-88.2981,160,"IL","CARBON HILL 3.1 N",15314,"Morris"
"USW00013878",10938,31.1522,-81.3908,4.9,"GA","BRUNSWICK MALCOLM MCKINNON AP",11270,"Saint Simons Island"
"USW00013733",10935.8,37.3208,-79.2067,286.5,"VA","LYNCHBURG RGNL AP",9920,"Lynchburg"
"USC00211198",10871,43.6308,-91.5028,355.4,"MN","CALEDONIA",12170,"Caledonia"
"USC00315356",10838.4,35.8033,-82.6658,585.2,"NC","MARSHALL",12015,"Marshall"
"US1ILWD0005",10819.2,41.816,-89.904,224,"IL","MORRISON 3.2 E",14247,"Morrison"
"USW00014606",10810.9,44.7978,-68.8186,45.1,"ME","BANGOR INTL AP",13215,"Bangor"
"USW00003820",10799.2,33.3644,-81.9633,40.2,"GA","AUGUSTA BUSH FLD AP",12927,"Augusta"
"USW00094823",10794.8,40.4847,-80.2144,366.7,"PA","PITTSBURGH INTL AP",13335,"Coraopolis"
"USW00013743",10770.8,38.8483,-77.0342,3,"VA","WASHINGTON REAGAN AP",10765,"Arlington"
"USC00437054",10759.4,44.42,-72.0194,213.4,"VT","SAINT JOHNSBURY",12065,"Saint Johnsbury"
"USC00369823",10757.7,40.0394,-78.5239,361.2,"PA","WOLFSBURG",11936,"Bedford"
"US1ILCN0003",10727.2,39.4736,-89.0462,195.1,"IL","PANA 6.2 NNE",13093,"Assumption"
"USC00442044",10700.4,37.8111,-79.9883,379.2,"VA","COVINGTON FLTR PLT",9708,"Covington"
"USC00474790",10688.1,43.3217,-89.5311,251.2,"WI","LODI",13414,"Lodi"
"USW00024233",10681.9,47.4444,-122.3139,112.8,"WA","SEATTLE TACOMA INTL AP",8610,"Seattle"
"USC00464840",10667.1,39.4214,-79.005,294.1,"WV","KEYSER 2 SSW",10027,"Keyser"
"USS0020L02S",10638.6,39,-120.13,2343.6,"CA","Rubicon #2",13350,"Tahoma"
"USW00014733",10578.8,42.9486,-78.7369,211.2,"NY","BUFFALO",12151,"Buffalo"
"USW00094860",10554.5,42.8939,-85.5447,237.1,"MI","GRAND RAPIDS",13061,"Grand Rapids"
"USW00093815",10550.9,39.9061,-84.2186,304.8,"OH","DAYTON INTL AP",10922,"Vandalia"
"USW00094908",10545,42.3978,-90.7036,321.9,"IA","DUBUQUE RGNL AP",13946,"Dubuque"
"USC00304996",10513.9,44.8419,-74.3081,268.2,"NY","MALONE",10515,"Malone"
"USW00094846",10513.6,41.995,-87.9336,200.6,"IL","CHICAGO OHARE INTL AP",12596,"Elk Grove Village"
"USC00115961",10474.6,42.2553,-88.0775,256,"IL","MUNDELEIN 4 WSW",13763,"Mundelein"
"USW00003904",10454.7,30.5892,-96.3647,93,"TX","COLLEGE STN",9221,"College Station"
"US1OHSN0003",10444.7,41.0589,-83.1127,254.2,"OH","TIFFIN 5.2 SE",11642,"Tiffin"
"USW00024213",10442.6,40.8097,-124.1603,6.1,"CA","EUREKA WFO WOODLEY ISLAND",11184,"Eureka"
"USW00003947",10442,39.2972,-94.7306,306.3,"MO","KANSAS CITY INTL AP",13519,"Kansas City"
"USW00014827",10438.9,40.9706,-85.2064,241.1,"IN","FT WAYNE INTL AP",9922,"Fort Wayne"
"USW00014842",10437.8,40.6675,-89.6839,198.1,"IL","PEORIA GTR PEORIA AP",12904,"Peoria"
"US1IASR0002",10430.2,42.0448,-93.6174,298.1,"IA","AMES 1.5 NNE",10184,"Ames"
"US1MIIN0001",10425.2,42.9576,-85.1738,203.3,"MI","SARANAC 2.6 NE",12662,"Saranac"
"USC00476827",10393.9,43.0514,-91.135,200.6,"WI","PRAIRIE DU CHIEN",13281,"Prairie Du Chien"
"USS0020K27S",10388.7,39.17,-120.15,2071.7,"CA","Tahoe City Cross",13685,"Tahoe City"
"USW00014605",10386.4,44.3206,-69.7972,106.7,"ME","AUGUSTA STATE AP",10903,"Augusta"
"USC00474937",10362.4,43.2117,-91.0986,192.9,"WI","LYNXVILLE DAM 9",13915,"Eastman"
"USC00476718",10340.6,43.5278,-89.4342,236.2,"WI","PORTAGE",12014,"Portage"
"US1VASH0002",10338.5,39.0422,-78.3506,226.2,"VA","STRASBURG 3.7 N",10283,"Strasburg"
"USW00024232",10329.2,44.905,-123.0011,62.5,"OR","SALEM MCNARY FLD",7841,"Salem"
"USC00114710",10318.8,41.2428,-89.8997,237.7,"IL","KEWANEE 1 E",12918,"Kewanee"
"USW00093822",10281.3,39.8447,-89.6839,181.1,"IL","SPRINGFIELD CAPITAL AP",12539,"Springfield"
"USC00478540",10277.8,43.4719,-88.8825,267.9,"WI","TOWN OF WESTFORD",12263,"Beaver Dam"
"USW00013972",10271.4,32.3542,-95.4025,165.8,"TX","TYLER POUNDS FLD",10815,"Tyler"
"US1OHDR0001",10265.2,40.1526,-84.4613,303.9,"OH","BRADFORD 2.3 NW",10722,"Bradford"
"USC00436995",10258.3,43.6253,-72.9781,189,"VT","RUTLAND",11596,"Rutland"
"USC00208774",10236.7,44.2294,-85.9572,235.6,"MI","WELLSTON 1N",13156,"Wellston"
"US1OHSM0005",10228.1,41.1623,-81.5037,303,"OH","CUYAHOGA FALLS 1.1 ESE",11388,"Cuyahoga Falls"
"USC00231580",10216.2,39.775,-93.5358,237.7,"MO","CHILLICOTHE 2S",14080,"Chillicothe"
"USC00336405",10213.1,40.9461,-83.9614,234.7,"OH","PANDORA",11241,"Pandora"
"USS0007M33S",10206.5,37.89,-107.71,3413.8,"CO","Red Mountain Pass",11873,"Silverton"
"USW00013870",10138.3,31.5358,-82.5067,58.8,"GA","ALMA BACON CO AP",8693,"Alma"
"USS0007K06S",10136.5,39.05,-107.87,3035.8,"CO","Park Reservoir",12279,"Cedaredge"
"USW00094290",10117,47.6872,-122.2553,18.3,"WA","SEATTLE SAND PT WSFO",7955,"Seattle"
"US1INEL0008",10109.4,41.5655,-85.9933,256,"IN","WAKARUSA 2.4 NNE",10909,"Goshen"
"USW00014923",10107.5,41.4653,-90.5233,180.4,"IL","MOLINE QUAD CITY INTL AP",12609,"Moline"
"USW00014742",10096.8,44.4683,-73.15,100.6,"VT","BURLINGTON INTL AP",11050,"South Burlington"
"USW00012836",10087.8,24.555,-81.7522,1.2,"FL","KEY WEST INTL AP",8993,"Key West"
"USC00470124",10082.7,44.3272,-91.9194,204.2,"WI","ALMA DAM 4",13421,"Alma"
"USW00014837",10064.4,43.1406,-89.3453,264,"WI","MADISON DANE RGNL AP",11795,"Madison"
"USC00471078",10062.7,42.6333,-89.3867,240.8,"WI","BRODHEAD",12718,"Brodhead"
"USC00200230",10050.2,42.2981,-83.6639,247.8,"MI","ANN ARBOR U OF MICH",11552,"Ann Arbor"
"US1IAWB0005",10025.7,42.6426,-94.1879,338,"IA","BADGER 3.1 NW",10216,"Badger"
"USW00094822",9976.9,42.1928,-89.0931,222.5,"IL","ROCKFORD GTR ROCKFORD AP",12560,"Rockford"
"USC00472973",9972.5,43.975,-89.8308,288,"WI","FRIENDSHIP",12728,"Friendship"
"USC00200758",9965.7,44.5317,-86.1311,235.6,"MI","BEULAH 7SSW",10837,"Frankfort"
"USC00200228",9914.8,42.2417,-83.6933,253.6,"MI","ANN ARBOR SE",11406,"Ann Arbor"
"USW00014933",9912.8,41.5339,-93.6531,291.7,"IA","DES MOINES INTL AP",12545,"Des Moines"
"USC00115079",9909.5,40.1519,-89.3386,177.7,"IL","LINCOLN",11609,"Lincoln"
"USW00014840",9895.1,43.1711,-86.2367,190.5,"MI","MUSKEGON CO AP",12195,"Muskegon"
"USC00475581",9892.4,43.7806,-89.3169,239.6,"WI","MONTELLO",12286,"Montello"
"USC00470045",9873,42.6475,-89.0644,226.2,"WI","AFTON",12684,"Janesville"
"USC00203096",9862.6,45.0333,-84.7114,401.7,"MI","GAYLORD",12017,"Gaylord"
"USW00024152",9855.2,45.5114,-118.4247,1134.8,"OR","MEACHAM",9029,"Meacham"
"USW00012935",9854.5,28.7247,-96.2536,3.7,"TX","PALACIOS MUNI AP",9577,"Palacios"
"USW00013968",9848.2,36.1994,-95.8872,198.1,"OK","TULSA INTL AP",15135,"Tulsa"
"USC00118684",9846.7,39.7947,-88.2911,198.4,"IL","TUSCOLA",11198,"Tuscola"
"USC00476200",9838.2,43.1003,-88.5036,260.9,"WI","OCONOMOWOC",10653,"Oconomowoc"
"USC00470265",9837.1,44.2769,-88.4378,241.4,"WI","APPLETON",12457,"Appleton"
"USC00043578",9802.2,38.4306,-122.8647,61,"CA","GRATON",11418,"Sebastopol"
"USW00013960",9782.3,32.8519,-96.8556,134.1,"TX","DALLAS LOVE FLD",10070,"Dallas"
"USW00014920",9768.6,43.8789,-91.2528,198.7,"WI","LA CROSSE MUNI AP",11358,"La Crosse"
"USW00024229",9762.8,45.5908,-122.6003,5.8,"OR","PORTLAND INTL AP",6783,"Portland"
"USC00331042",9743.8,41.4619,-84.5272,222.5,"OH","BRYAN 2 SE",12011,"Bryan"
"US1IAGT0001",9742.8,41.7991,-94.3093,321,"IA","JAMAICA 3.2 S",9460,"Jamaica"
"USW00014897",9693.1,44.9258,-89.6256,360,"WI","WAUSAU DWTN AP",12218,"Wausau"
"USC00368868",9672,41.8975,-77.1419,374.9,"PA","TIOGA HAMMOND DAM",9987,"Tioga"
"USC00142401",9662.6,37.8183,-96.8444,393.2,"KS","EL DORADO",13475,"El Dorado"
"USW00094910",9661.9,42.5544,-92.4011,264.6,"IA","WATERLOO MUNI AP",10638,"Waterloo"
"USW00013967",9648.8,35.3889,-97.6006,391.7,"OK","OKLAHOMA CITY WILL ROGERS AP",11520,"Oklahoma City"
"USS0020K13S",9639.8,39.3,-120.18,1983.9,"CA","Truckee #2",13089,"Truckee"
"US1TXCRL003",9586.8,31.0916,-97.89,311.2,"TX","KEMPNER 6.7 ENE",9705,"Kempner"
"US1OKCV0032",9583.3,35.1979,-97.4182,353,"OK","NORMAN 2.1 SE",10293,"Norman"
"USC00361838",9555.5,41.9903,-77.1567,350.5,"PA","COWANESQUE DAM",10743,"Lawrenceville"
"USS0007J05S",9555.3,40.11,-107.29,3151.6,"CO","Ripple Creek",12039,"Meeker"
"USW00014847",9540.3,46.4794,-84.3572,220.1,"MI","SAULT STE MARIE SANDERSON FLD",11730,"Sault Sainte Marie"
"USS0005J10S",9526.3,40.41,-105.82,3261.4,"CO","Lake Irene",9173,"Grand Lake"
"USW00094830",9526.3,41.5886,-83.8014,203.9,"OH","TOLEDO EXPRESS AP",11337,"Swanton"
"USW00014925",9518.2,43.9042,-92.4917,397.5,"MN","ROCHESTER INTL AP",14028,"Rochester"
"USC00346386",9499.6,35.1808,-97.4378,343.8,"OK","NORMAN 3SSE",10415,"Norman"
"USC00413285",9483.4,32.8339,-97.2975,196.3,"TX","FT WORTH WSFO",9296,"Fort Worth"
"USW00014750",9483.4,43.35,-73.6167,97.8,"NY","GLENS FALLS AP",11190,"Queensbury"
"USW00013958",9476.5,30.3208,-97.7603,204.2,"TX","AUSTIN-CAMP MABRY",8096,"Austin"
"USC00130200",9460.9,42.0208,-93.7742,335,"IA","AMES 8 WSW",9176,"Boone"
"USC00132171",9451,42.0364,-95.3289,427,"IA","DENISON",9088,"Denison"
"USS0006H24S",9425.4,41.24,-106.23,2918.2,"WY","Cinnabar Park",9831,"Laramie"
"USW00024221",9422.5,44.1278,-123.2206,107.6,"OR","EUGENE MAHLON SWEET AP",9226,"Eugene"
"USC00475364",9410.3,45.1786,-89.6617,381,"WI","MERRILL",10917,"Merrill"
"USS0006H13S",9380.3,41.36,-106.23,3121.2,"WY","Brooklyn Lake",9727,"Centennial"
"US1KSSG0002",9371.5,37.6916,-97.4797,416.1,"KS","MAIZE 5.7 S",11389,"Wichita"
"USW00013996",9343.2,39.0725,-95.6261,267,"KS","TOPEKA MUNI AP",12385,"Topeka"
"USS0020L10S",9334.9,38.93,-120.05,1900.7,"CA","Fallen Leaf",10662,"South Lake Tahoe"
"USW00014991",9326,44.8664,-91.4878,269.7,"WI","EAU CLAIRE RGNL AP",11190,"Eau Claire"
"USC00410433",9324.4,30.4144,-97.7664,268.2,"TX","AUSTIN GREAT HILLS",7331,"Austin"
"USW00013904",9294.1,30.1831,-97.68,146.3,"TX","AUSTIN BERGSTROM AP",7399,"Austin"
"USW00094847",9289.5,42.2314,-83.3308,192.3,"MI","DETROIT METRO AP",9258,"Romulus"
"USW00003927",9269.8,32.8978,-97.0189,170.7,"TX","DALLAS FT WORTH AP",8774,"Irving"
"USW00014768",9264.3,43.1167,-77.6767,162.5,"NY","ROCHESTER GTR INTL AP",8753,"Rochester"
"USC00471064",9238.5,44.1614,-88.0803,246.9,"WI","BRILLION",11109,"Brillion"
"US1KSSG0020",9234.2,37.6925,-97.4877,417.6,"KS","WICHITA 7.9 W",11182,"Wichita"
"USC00257545",9198.5,40.0225,-95.7883,320,"NE","SALEM 5SW",12478,"Salem"
"USW00013959",9193.6,31.6189,-97.2283,152.4,"TX","WACO RGNL AP",8394,"Waco"
"USS0006J01S",9184.7,40.53,-106.78,2560.3,"CO","Dry Lake",10265,"Steamboat Springs"
"USC00201468",9175.7,45.3172,-85.2672,180.7,"MI","CHARLEVOIX",10338,"Charlevoix"
"USW00014898",9168.7,44.4983,-88.1111,207.9,"WI","GREEN BAY",12357,"Green Bay"
"USC00412585",9121.5,30.2194,-97.9878,330.4,"TX","DRIPPING SPRINGS 6 E",8768,"Austin"
"USC00418862",9104.5,30.5844,-97.4156,174,"TX","TAYLOR 1NW",8658,"Taylor"
"USC00144972",9099.3,39.1972,-96.5814,323.1,"KS","MANHATTAN",13408,"Manhattan"
"USC00253467",9098.3,41.1586,-96.1922,378,"NE","GRETNA 4NE",10994,"Omaha"
"USS0006M22S",9083.9,37.02,-106.45,3060.2,"CO","Cumbres Trestle",12029,"Antonito"
"USW00014839",9083.7,42.955,-87.9044,204.2,"WI","MILWAUKEE MITCHELL AP",11693,"Milwaukee"
"USS0005J39S",9080.1,40.31,-105.64,2895.6,"CO","Bear Lake",8948,"Estes Park"
"US1KSSG0003",9061.1,37.7248,-97.4786,413.9,"KS","MAIZE 3.4 SSW",10471,"Wichita"
"USC00204161",8938.1,47.0083,-88.4317,198.1,"MI","JACOBSVILLE",9906,"Lake Linden"
"US1SDMH0020",8903.6,43.5267,-96.6658,462.1,"SD","SIOUX FALLS 3.4 ESE",11380,"Sioux Falls"
"USW00013961",8886.3,32.8192,-97.3614,209.4,"TX","FT WORTH MEACHAM FLD",8082,"Fort Worth"
"USC00257800",8847.7,40.2039,-95.7064,332.2,"NE","SHUBERT 2SW",12840,"Verdon"
"USC00473930",8815.4,43.3194,-88.1681,275.2,"WI","JACKSON",12365,"Jackson"
"USC00145132",8796.9,39.0542,-96.2367,309.4,"KS","MC FARLAND",12358,"Mc Farland"
"USW00003928",8759.4,37.6544,-97.4425,406.9,"KS","WICHITA",10701,"Wichita"
"USC00258395",8742.7,40.6661,-96.1892,335.3,"NE","SYRACUSE",9817,"Syracuse"
"USW00014922",8724.6,44.8831,-93.2289,265.8,"MN","MINNEAPOLIS/ST PAUL AP",10975,"Minneapolis"
"USC00472055",8716.3,44.3514,-87.812,247.2,"WI","DENMARK WWTP",11350,"Denmark"
"RQC00663532",8696.6,17.9728,-66.9458,45.7,"PR","ENSENADA 1 W",5281,"Ensenada"
"USS0005K05S",8663.5,39.67,-105.9,3474.7,"CO","Loveland Basin",8177,"Silverthorne"
"USW00023213",8650.2,38.5039,-122.8103,34.7,"CA","SANTA ROSA SONOMA CO AP",13205,"Windsor"
"USC00253050",8586.4,41.43,-96.4669,359.7,"NE","FREMONT",10265,"Fremont"
"USW00014942",8560.7,41.3103,-95.8992,299.3,"NE","OMAHA EPPLEY AIRFIELD",10150,"Omaha"
"USW00014826",8517.7,42.9667,-83.7494,234.7,"MI","FLINT BISHOP INTL AP",9506,"Flint"
"USW00012921",8469.4,29.5442,-98.4839,240.5,"TX","SAN ANTONIO INTL AP",5602,"San Antonio"
"USC00204090",8338.5,45.7858,-88.0842,326.4,"MI","IRON MTN-KINGSFORD WWTP",9988,"Kingsford"
"USS0018E05S",8327.3,44.83,-118.19,1783.1,"OR","Bourne",7961,"Portland"
"USS0005J06S",8316.2,40.81,-105.77,3115.1,"CO","Deadman Hill",8338,"Red Feather Lakes"
"USC00250435",8309,40.3706,-95.7469,283.5,"NE","AUBURN 5 ESE",9643,"Brownville"
"USW00094725",8292.3,44.9358,-74.8458,65.2,"NY","MASSENA INTL AP",8714,"Massena"
"USC00141467",8276.4,37.7206,-97.7936,421.5,"KS","CHENEY 5N",10524,"Cheney"
"USC00415429",8266.3,29.6756,-97.6578,121.9,"TX","LULING",6762,"Luling"
"USW00014845",8255.4,43.5331,-84.0797,201.2,"MI","SAGINAW MBS INTL AP",8744,"Freeland"
"USC00258465",8254.8,40.3544,-96.1939,338.3,"NE","TECUMSEH 1S",10848,"Tecumseh"
"USS0008M06S",8247.2,37.79,-108.02,3048,"CO","El Diente Peak",9988,"Dolores"
"USW00014939",8211.4,40.8508,-96.7475,362.7,"NE","LINCOLN MUNI AP",9174,"Lincoln"
"USW00014913",8209,46.8369,-92.2097,435.3,"MN","DULUTH",8702,"Duluth"
"USC00259200",8203.4,41.845,-96.7142,399.3,"NE","W PT",8003,"West Point"
"USW00094849",8155.1,45.0717,-83.5644,208.5,"MI","ALPENA CO RGNL AP",9294,"Alpena"
"USC00340215",8129,36.2483,-98.1883,364.2,"OK","AMES",10590,"Ames"
"US1TXWO0010",8122.2,29.2829,-98.2456,182.9,"TX","ELMENDORF 5.6 ENE",6007,"Adkins"
"USW00014926",8121.6,45.5433,-94.0514,310.3,"MN","ST CLOUD RGNL AP",10651,"Saint Cloud"
"USW00024257",8113.7,40.5175,-122.2986,151.5,"CA","REDDING MUNI AP",10935,"Redding"
"USS0005J41S",8102,39.94,-105.59,2956.6,"CO","Lake Eldora",7220,"Nederland"
"USW00094814",8095.5,44.3592,-84.6739,350.8,"MI","HOUGHTON LK ROSCOMMON AP",9678,"Houghton Lake"
"USC00259513",8091.7,40.9153,-97.5997,491.6,"NE","YORK 3N",10061,"Benedict"
"USW00014943",8059.9,42.3914,-96.3792,333.8,"IA","SIOUX CITY GATEWAY AP",8612,"Sioux City"
"USS0005J42S",8051.4,40.04,-105.54,3020.6,"CO","Niwot",7654,"Nederland"
"USS0007K02S",7945,39.88,-107.6,2865.1,"CO","Burro Mountain",8564,"Meeker"
"USS0011H07S",7928.8,41.92,-111.47,2348.5,"UT","Garden City Summit",7863,"Garden City"
"USS0007M27S",7905.5,37.93,-107.68,2987,"CO","Idarado",8813,"Ironton"
"USS0006K01S",7879.7,39.36,-106.06,3474.7,"CO","Hoosier Pass",8927,"Alma"
"USS0014F12S",7859.7,43.87,-114.71,2676.1,"ID","Galena Summit",8035,"Ketchum"
"USC00148950",7831.1,38.2936,-97.9114,472.4,"KS","WINDOM 7S",9339,"Windom"
"USW00094911",7799.8,42.8783,-97.3633,359.7,"SD","YANKTON 2 E",8866,"Yankton"
"USC00344019",7774,36.5381,-98.2661,411.5,"OK","HELENA 1 SSE",10362,"Helena"
"US1KSJW0001",7750.5,39.9421,-97.9872,495.9,"KS","WEBBER 2.6 ENE",9977,"Webber"
"USW00014944",7729.4,43.5878,-96.7289,435.9,"SD","SIOUX FALLS",10054,"Sioux Falls"
"USW00013980",7718.6,37.155,-98.0283,408.4,"KS","ANTHONY",10781,"Anthony"
"USS0007M05S",7688.8,37.65,-107.81,2706.6,"CO","Cascade",10145,"Durango"
"USW00012924",7687.1,27.7839,-97.5108,13.7,"TX","CORPUS CHRISTI",6505,"Corpus Christi"
"USC00252037",7650.1,42.7364,-97.4969,426.7,"NE","CROFTON",8440,"Crofton"
"USS0006J15S",7623.5,40.85,-106.97,2651.8,"CO","Elk River",7861,"Clark"
"USC00253065",7616.8,40.6558,-97.2208,467.9,"NE","FRIEND 3E",10630,"Friend"
"USC00417327",7577.1,32.3664,-99.1925,494.1,"TX","PUTNAM",8099,"Putnam"
"USC00412011",7519.1,27.7792,-97.5056,13.4,"TX","CORPUS CHRISTI NWS",6260,"Corpus Christi"
"US1MTPK0007",7438.6,45.6357,-110.4331,1677.9,"MT","LIVINGSTON 6.6 ESE",8552,"Livingston"
"USS0005J18S",7417.4,40.21,-105.57,2621.3,"CO","Copeland Lake",7397,"Allenspark"
"USS0006K16S",7345.4,39.3,-106.11,3398.5,"CO","Buckskin Joe",8108,"Alma"
"USC00141179",7331.4,39.8775,-98.3036,503.2,"KS","BURR OAK 1N",9862,"Burr Oak"
"USC00253175",7277.9,40.5314,-97.5964,496.8,"NE","GENEVA",9892,"Geneva"
"USC00253660",7234.5,40.6472,-98.3836,590.7,"NE","HASTINGS 4N",9007,"Hastings"
"USS0006K24S",7213.2,39.49,-106.17,3215.6,"CO","Copper Mountain",7340,"Frisco"
"USW00013966",7145,33.9786,-98.4928,310,"TX","WICHITA FALLS MUNI AP",6989,"Sheppard Afb"
"USC00420819",7136.7,40.8911,-111.8503,1508.8,"UT","BOUNTIFUL BENCH",8213,"Bountiful"
"USC00045915",7136.1,37.8792,-121.9303,661.4,"CA","MT DIABLO JUNCTION",8307,"Walnut Creek"
"USS0006K44S",7109.5,39.6,-106.54,2889.5,"CO","Mccoy Park",8210,"Avon"
"USS0007K13S",7095.2,40,-107.24,2956.6,"CO","Trapper Lake",7302,"Meeker"
"USS0007M35S",7083.7,37.66,-107.8,2718.8,"CO","Cascade #2",9687,"Durango"
"USW00003957",7055.8,37.2839,-98.5528,467.9,"KS","MEDICINE LODGE",8257,"Medicine Lodge"
"USC00395481",7043.8,43.2358,-97.5714,406,"SD","MENNO",9260,"Menno"
"USW00094949",7026.2,40.6044,-98.4272,591.3,"NE","HASTINGS MUNI AP",8947,"Hastings"
"USC00411920",7005,29.9614,-98.8944,436.8,"TX","COMFORT 2",5402,"Comfort"
"US1WASJ0003",6945.9,48.6079,-122.9466,51.5,"WA","ORCAS 0.7 NNW",6140,"Orcas"
"USW00014935",6927.6,40.9611,-98.3136,560.8,"NE","GRAND ISLAND AP",10093,"Grand Island"
"USW00012919",6913.5,25.9156,-97.4186,7,"TX","BROWNSVILLE",5806,"Brownsville"
"USS0011R05S",6858.9,34.75,-111.41,2325.6,"AZ","Happy Jack",8446,"Happy Jack"
"USS0010D07S",6841.3,45.01,-110.01,2240.3,"MT","Northeast Entrance",7345,"Livingston"
"USC00342944",6820.5,35.2164,-99.8628,627.9,"OK","ERICK",8484,"Erick"
"US1COBO0202",6812.3,40.1103,-105.4391,2609.1,"CO","WARD 4.6 NE",6904,"Ward"
"US1SDMN0001",6794.5,43.8624,-97.7907,406,"SD","FULTON 9.4 N",10700,"Fulton"
"USW00014941",6789,41.9856,-97.4353,472.7,"NE","NORFOLK KARL STEFAN AP",6889,"Norfolk"
"US1TXTY0005",6763.8,32.4096,-100.0846,635.8,"TX","MERKEL 5.8 SW",6799,"Merkel"
"USC00147542",6762.8,39.7772,-98.7783,554.7,"KS","SMITH CTR",6668,"Smith Center"
"USC00413508",6761.7,28.3064,-98.1222,68.6,"TX","GEORGE WEST 2 SSW",4729,"George West"
"USS0005K27S",6758.7,39.66,-105.59,3230.9,"CO","Echo Lake",6249,"Idaho Springs"
"USC00417873",6752.7,29.3283,-99.4653,290.5,"TX","SABINAL",5784,"Uvalde"
"USW00013962",6645,32.4106,-99.6822,545.6,"TX","ABILENE RGNL AP",5885,"Abilene"
"USC00480140",6644.7,43.7728,-111.0339,1962.9,"WY","ALTA 1 NNW",6959,"Alta"
"USS0003E05S",6623.7,44.21,-103.79,1868.4,"SD","North Rapid Creek",6435,"Lead"
"USS0005J11S",6621.1,40.58,-105.63,2859,"CO","Hourglass Lake",6534,"Bellvue"
"USS0006K45S",6591.6,39.6,-106.51,2590.8,"CO","Beaver Ck Village",7421,"Avon"
"USS0006K12S",6568.2,39.8,-106.03,2724.9,"CO","Middle Fork Camp",6716,"Parshall"
"USS0013D10S",6539,45.17,-113.5,2316.5,"MT","Bloody Dick",5242,"Dillon"
"USC00250050",6464.4,42.5522,-99.8556,765,"NE","AINSWORTH",9473,"Ainsworth"
"USC00252560",6426.7,40.2764,-99.7836,646.2,"NE","EDISON",7284,"Arapahoe"
"USS0008G03S",6409.9,42.57,-108.84,2755.4,"WY","South Pass",5879,"Lander"
"USS0006G01S",6370,42.73,-106.32,2407.9,"WY","Casper Mtn.",6859,"Casper"
"USC00057317",6350.3,37.9136,-104.9483,2176.6,"CO","RYE 1SW",6360,"Rye"
"USC00143527",6259.5,38.8586,-99.3358,612.6,"KS","HAYS 1 S",7863,"Hays"
"USS0006K30S",6181.9,39.32,-106.61,2926.1,"CO","Kiln",6777,"Meredith"
"US1SDPN0002",6174.1,44.0886,-103.2997,1058.9,"SD","RAPID CITY 3.4 WNW",9930,"Rapid City"
"USS0006H19S",6155.9,41.33,-106.5,2572.5,"WY","South Brush Creek",5465,"Saratoga"
"USS0012P02S",6059.8,35.14,-112.15,2188.5,"AZ","White Horse Lake",7659,"Williams"
"USS0006K14S",6057.7,39.72,-106.16,2865.1,"CO","Summit Ranch",6483,"Silverthorne"
"USW00014936",6043,44.3981,-98.2231,390.1,"SD","HURON RGNL AP",9488,"Huron"
"USS0005N04S",5987.8,36.13,-105.53,2621.3,"NM","Tres Ritos",5949,"Vadito"
"USC00410394",5938.7,33.1525,-100.2333,509,"TX","ASPERMONT",7563,"Aspermont"
"USW00014914",5932.6,46.9253,-96.8111,274.3,"ND","FARGO HECTOR INTL AP",7943,"Fargo"
"USS0014F19S",5816.5,43.77,-114.42,1962.9,"ID","Chocolate Gulch",6514,"Rexburg"
"USC00056205",5812.8,38.0264,-107.6725,2352.4,"CO","OURAY #2",6213,"Ouray"
"USW00003103",5786.6,35.1442,-111.6664,2134.5,"AZ","FLAGSTAFF PULLIAM AP",6630,"Flagstaff"
"USW00023007",5772.6,34.4272,-100.2831,594.7,"TX","CHILDRESS MUNI AP",5688,"Childress"
"USC00146637",5769.2,39.0667,-100.2389,814.4,"KS","QUINTER",6785,"Quinter"
"USW00013985",5739.8,37.7608,-99.9683,789.4,"KS","DODGE CITY",5820,"Dodge City"
"USC00140365",5735.9,37.1942,-99.7633,600.5,"KS","ASHLAND",7204,"Ashland"
"USW00024023",5688.4,41.1214,-100.6694,846.7,"NE","NORTH PLATTE RGNL AP",7349,"North Platte"
"USC00412121",5687.7,33.6517,-101.245,917.4,"TX","CROSBYTON",5115,"Crosbyton"
"USW00014916",5638.4,47.9428,-97.1839,256.6,"ND","GRAND FORKS INTL AP",7146,"Grand Forks"
"USC00418818",5634.1,33.1714,-101.7981,951,"TX","TAHOKA",4645,"Tahoka"
"USW00023034",5606.9,31.3711,-100.4922,576.1,"TX","SAN ANGELO",4506,"San Angelo"
"US1CACC0001",5515.7,37.9898,-122.1085,76.8,"CA","MARTINEZ 0.8 SSE",6688,"Martinez"
"USW00024020",5511.6,40.5233,-101.0344,928.1,"NE","HAYES CENTER 1NW",7068,"Hayes Center"
"USC00394516",5507.5,43.9025,-99.8583,512.4,"SD","KENNEBEC",9087,"Kennebec"
"USC00417944",5488.9,31.3708,-100.4944,576.1,"TX","SAN ANGELO WFO",5011,"San Angelo"
"USC00415821",5433.2,34.7261,-100.5372,637,"TX","MEMPHIS",5718,"Memphis"
"USC00020678",5395.2,35.2303,-111.8222,2179.9,"AZ","BELLEMONT WFO",6126,""
"USW00022010",5361.7,29.3783,-100.9269,304.5,"TX","DEL RIO INTL AP",3770,"Del Rio"
"USW00014929",5345.7,45.4558,-98.4131,396.8,"SD","ABERDEEN",7719,"Aberdeen"
"USW00024025",5343.6,44.3814,-100.2856,531,"SD","PIERRE RGNL AP",7870,"Pierre"
"USC00397277",5335.8,45.4528,-99.3358,559.3,"SD","ROSCOE",7503,"Roscoe"
"US1COBO0072",5326.8,40.0242,-105.2689,1638.9,"CO","BOULDER 1.3 NW",5267,"Boulder"
"USS0010F17S",5314.1,43.13,-110.2,2417.1,"WY","East Rim Divide",5366,"Bondurant"
"USC00325638",5263.4,47.8214,-101.2922,643.1,"ND","MAX",6154,"Max"
"USC00254455",5229,41.2097,-101.6706,1011.3,"NE","KINGSLEY DAM",6205,"Ogallala"
"USW00024011",5217.1,46.7708,-100.7603,505.4,"ND","BISMARCK",7527,"Bismarck"
"USS0009S06S",5205.9,33.69,-109.22,2435.4,"AZ","Beaver Head",6566,"Morenci"
"USS0006K06S",5102.3,39.3,-106.61,2651.8,"CO","Nast Lake",6019,"Meredith"
"USS0012P01S",5099.1,35.26,-112.06,2164.1,"AZ","Chalender",7459,"Williams"
"USC00325002",5080.1,48.6272,-101.3764,490.7,"ND","LANSFORD",5976,"Lansford"
"USW00026615",5070.7,60.785,-161.8292,31.1,"AK","BETHEL AP",6148,"Bethel Airport"
"USW00023047",5040.6,35.2333,-101.7089,1093.3,"TX","AMARILLO",6580,"Amarillo"
"US1COEP0055",5022.5,39.1125,-104.859,2214.1,"CO","MONUMENT 2.9 N",5544,"Monument"
"USC00100803",5005.1,42.3353,-111.385,1817.8,"ID","BERN",5628,"Bern"
"US1MTDL0001",5004,46.1661,-113.0853,1768.1,"MT","ANACONDA 7.4 NW",4696,"Anaconda"
"USC00048587",4993.3,39.5861,-122.5342,243.8,"CA","STONY GORGE RSVR",8123,"Elk Creek"
"USC00418232",4919.9,33.6878,-101.9853,1011.3,"TX","SHALLOWATER",5225,"Shallowater"
"USC00047851",4917.8,35.3056,-120.6619,93.9,"CA","SAN LUIS OBISPO POLY",7384,"San Luis Obispo"
"USC00058793",4907.3,37.3822,-102.2986,1212.5,"CO","WALSH 1 W",5084,"Walsh"
"USS0011P02S",4885.4,35.27,-111.74,2240.3,"AZ","Fort Valley",5068,"Flagstaff"
"US1TXLK0007",4859.1,33.5172,-101.9681,1003.1,"TX","LUBBOCK 6.7 SW",5795,"Lubbock"
"USW00023065",4832.2,39.3669,-101.7,1112.8,"KS","GOODLAND",5795,"Goodland"
"USC00417079",4787.1,34.1892,-101.7022,1027.2,"TX","PLAINVIEW",4587,"Plainview"
"USC00148287",4783.5,37.5983,-101.2908,943.1,"KS","ULYSSES 3NE",4077,"Ulysses"
"USC00417081",4776.4,34.1981,-101.7461,1051.6,"TX","PLAINVIEW WTR PRODUCTN",4260,"Plainview"
"USC00414967",4764.1,33.0642,-101.0489,694.9,"TX","LAKE ALAN HENRY",5428,"Justiceburg"
"USC00411000",4756.1,35.5303,-102.2564,972.6,"TX","BOYS RCH",6983,"Boys Ranch"
"USC00053652",4740.5,38.6867,-105.3925,2717.3,"CO","GUFFEY 9SE",4771,"Canon City"
"USW00023232",4715.3,38.5069,-121.495,4.6,"CA","SACRAMENTO EXECUTIVE AP",6321,"Sacramento"
"USC00142980",4710.7,37.9931,-100.8122,880.9,"KS","GARDEN CITY EXP STN",4442,"Garden City"
"USW00024225",4670.5,42.3811,-122.8722,395.3,"OR","MEDFORD ROGUE VLY AP",5169,"Central Point"
"USW00023042",4663.4,33.6542,-101.8136,993.3,"TX","LUBBOCK",6193,"Lubbock"
"USC00411128",4655.6,33.1908,-102.2681,1005.8,"TX","BROWNFIELD #2",4327,"Brownfield"
"USC00252645",4624.9,42.0628,-102.3172,1191.5,"NE","ELLSWORTH 2W",5003,"Ellsworth"
"USW00026451",4621.1,61.1689,-150.0278,36.6,"AK","ANCHORAGE INTL AP",3714,"Anchorage"
"US1COLR0259",4547.8,40.5857,-105.1317,1560,"CO","FCL 2.5 W",4695,"Fort Collins"
"USC00413972",4540.2,34.3697,-102.1175,1116.5,"TX","HART",4467,"Hart"
"USC00415183",4497.2,33.55,-102.3758,1071.1,"TX","LEVELLAND",3339,"Levelland"
"USC00291963",4494.3,34.5989,-103.2161,1351.8,"NM","CLOVIS 13 N",6301,"Clovis"
"USC00416074",4470.2,33.7186,-102.7586,1147.9,"TX","MORTON",4389,"Morton"
"USC00244715",4449,45.8728,-104.1583,940.6,"MT","KNOBS 4 SW",5443,"Ekalaka"
"USC00244558",4445.8,48.3042,-114.2636,901.3,"MT","KALISPELL GLACIER AP",4201,"Kalispell"
"US1WYSH0014",4433.5,44.8122,-106.9763,1175.9,"WY","SHERIDAN 1.7 NW",4969,"Sheridan"
"US1COLR0509",4369.2,40.3926,-105.1587,1562.1,"CO","LOV 4.0 W",4632,"Loveland"
"US1WYLM0036",4363,41.1449,-104.7547,1825.1,"WY","CHEYENNE 2.0 E",4727,"Cheyenne"
"US1CASM0006",4340.6,37.5488,-122.2587,2.1,"CA","FOSTER CITY 1.3 SW",5240,"San Mateo"
"USW00022521",4308,21.3239,-157.9294,2.1,"HI","HONOLULU INTL AP",4233,"Honolulu"
"USC00481676",4294,41.1517,-104.8061,1865.1,"WY","CHEYENNE WFO",4666,"Cheyenne"
"USW00024157",4281.9,47.6217,-117.5281,717.2,"WA","SPOKANE INTL AP",3935,"Spokane"
"USW00024028",4277.9,41.8706,-103.5931,1202.4,"NE","SCOTTSBLUFF HEILIG AP",4971,"Scottsbluff"
"US1TXMDL006",4253.3,32.0063,-102.1463,868.4,"TX","MIDLAND 3.0 WSW",4516,"Midland"
"USW00023051",4251.5,36.4486,-103.1539,1511.8,"NM","CLAYTON MUNI AIR PK",3427,"Clayton"
"USC00459376",4194.7,48.4742,-120.1886,533.1,"WA","WINTHROP 1 WSW",3102,"Winthrop"
"USC00241938",4182,45.6444,-109.2675,1097.9,"MT","COLUMBUS",5745,"Columbus"
"USC00058781",4164.4,37.6303,-104.7956,1920.2,"CO","WALSENBURG 1 NW",4120,"Walsenburg"
"USC00418964",4153.3,36.3786,-103.0244,1433.8,"TX","TEXLINE",4452,"Texline"
"USC00054546",4136.2,37.115,-103.2986,1602.3,"CO","KIM 10SSE",4073,"Kim"
"USW00024029",4134.5,44.7694,-106.9689,1202.4,"WY","SHERIDAN CO AP",4589,"Sheridan"
"USW00024018",4124.8,41.1519,-104.8061,1867.8,"WY","CHEYENNE",4585,"Cheyenne"
"USC00055236",4121.8,40.435,-105.085,1548.4,"CO","LOVELAND 2N",3840,"Loveland"
"USW00024033",4066.1,45.8069,-108.5422,1091.5,"MT","BILLINGS LOGAN INTL AP",4862,"Billings"
"USW00023254",4052.8,37.9917,-122.055,5.5,"CA","CONCORD BUCHANAN FLD",5125,"Concord"
"USW00094055",3998.2,46.3583,-104.25,905.6,"MT","BAKER MUNI AP",5425,"Baker"
"USW00024127",3992.5,40.7781,-111.9694,1287.8,"UT","SALT LAKE CITY INTL AP",5112,"Salt Lake City"
"USW00093037",3948.9,38.81,-104.6883,1884,"CO","COLORADO SPRINGS MUNI AP",2994,"Colorado Springs"
"USW00023062",3935.9,39.7633,-104.8694,1611.2,"CO","DENVER-STAPLETON",3219,"Denver"
"USW00094008",3932.8,48.2138,-106.6213,696.5,"MT","GLASGOW INTL AP",4513,"Glasgow"
"US1AZCH0017",3929,31.549,-110.2776,1391.7,"AZ","SIERRA VISTA 1.3 E",4243,"Sierra Vista"
"US1CASD0012",3887.3,32.9956,-117.0044,367.6,"CA","POWAY 3.2NE",6488,"Poway"
"USS0009S04S",3883.8,33.9,-109.16,2590.8,"AZ","Nutrioso",4228,"McNary"
"USW00023190",3812.9,34.4258,-119.8425,2.7,"CA","SANTA BARBARA MUNI AP",6127,"Goleta"
"USC00040029",3775.2,41.1936,-120.9447,1278.6,"CA","ADIN RS",4803,"Adin"
"US1COLR0662",3753.9,40.3922,-105.0539,1513,"CO","LOVELAND 2.0 SSE",3215,"Loveland"
"USC00051743",3703.6,39.2367,-107.9797,1831.5,"CO","COLLBRAN 1WSW",3573,"Collbran"
"USW00003017",3626.3,39.8328,-104.6575,1650.2,"CO","DENVER INTL AP",3947,"Denver"
"USW00024153",3610.9,46.9208,-114.0925,972.9,"MT","MISSOULA INTL AP",3851,"Missoula"
"US1IDBV0006",3610.6,43.6176,-111.884,1487.4,"ID","IDAHO FALLS 11.7 NE",3738,"Idaho Falls"
"US1UTML0001",3574.8,39.3723,-112.3339,1565.1,"UT","OAK CITY 0.3 SSE",4425,"Oak City"
"USC00044997",3552.6,37.6922,-121.7692,146.3,"CA","LIVERMORE",4470,"Livermore"
"USW00023023",3509.4,31.9433,-102.1889,874.2,"TX","MIDLAND ODESSA",3630,"Midland"
"US1NMGR0027",3496.1,33.023,-108.5441,1427.1,"NM","CLIFF 5.7 NE",3693,"Cliff"
"US1COBO0143",3484.3,40.2001,-105.1087,1538.9,"CO","LONGMONT 2.1 N",4174,"Longmont"
"USW00023237",3423.8,37.8892,-121.2258,7.9,"CA","STOCKTON METRO AP",4331,"Stockton"
"US1CALA0001",3421.7,34.1689,-118.2947,155.8,"CA","GLENDALE 2.4 WSW",6430,"Glendale"
"USW00026411",3396.9,64.8039,-147.8761,131.7,"AK","FAIRBANKS INTL AP",4176,"Fairbanks"
"USW00024149",3379.9,46.3747,-117.0156,437.7,"ID","LEWISTON NEZ PERCE CO AP",3411,"Lewiston"
"USW00094012",3373.7,48.5428,-109.7633,787.9,"MT","HAVRE CITY CO AP",3142,"Havre"
"US1CARV0008",3355.8,33.7307,-117.4276,427.9,"CA","CORONA 12.8 SE",5710,"Corona"
"USW00024089",3349.4,42.8975,-106.4636,1627,"WY","CASPER NATRONA CO AP",3687,"Casper"
"US1AZPM0111",3343.7,32.139,-110.7674,886.1,"AZ","TUCSON 10.5 ESE",4223,"Tucson"
"USC00051294",3330.4,38.46,-105.2256,1639.2,"CO","CANON CITY",3219,"Canon City"
"USW00024155",3330.4,45.6906,-118.8528,461.8,"OR","PENDLETON",3145,"Pendleton"
"USC00054254",3313.9,37.0856,-107.5333,1995.8,"CO","IGNACIO 6ESE",3659,"Ignacio"
"USW00093026",3249.6,31.4583,-109.6061,1251.2,"AZ","DOUGLAS BISBEE INL AP",4137,"McNeal"
"USW00023293",3213.1,37.3592,-121.9239,15.5,"CA","SAN JOSE",4092,"San Jose"
"USC00057033",3202.5,39.5572,-107.7261,1667,"CO","RIFLE 3ENE",3654,"Rifle"
"USC00051964",3151.4,37.9806,-105.6897,2439.6,"CO","CRESTONE 2 SE",3073,"Crestone"
"USW00024131",3112.9,43.5667,-116.2406,857.7,"ID","BOISE AIR TERMINAL",3702,"Boise"
"USW00023233",3060.9,36.6636,-121.6081,22.6,"CA","SALINAS MUNICIPAL AP",3622,"Salinas"
"USW00093134",3050.2,34.0511,-118.2353,70.1,"CA","LOS ANGELES DWTN USC CAMPUS",5476,"Los Angeles"
"USC00422592",3049.6,37.7686,-111.5978,1770.9,"UT","ESCALANTE",3283,"Escalante"
"USW00024156",3037.7,42.9203,-112.5711,1364.9,"ID","POCATELLO RGNL AP",3155,"Pocatello"
"USW00023273",3001.8,34.8994,-120.4486,73.8,"CA","SANTA MARIA PUBLIC AP",4346,"Santa Maria"
"USW00023009",2930.6,33.3075,-104.5083,1112.2,"NM","ROSWELL IND AIR PK",2881,"Roswell"
"USW00023129",2883.5,33.8117,-118.1464,9.4,"CA","LONG BEACH DAUGHERTY FLD",5468,"Long Beach"
"USW00023160",2874.7,32.1314,-110.9553,776.9,"AZ","TUCSON INTL AP",3465,"Tucson"
"USW00093058",2869.2,38.29,-104.4983,1438.7,"CO","PUEBLO MEM AP",3336,"Pueblo"
"USC00262570",2850.6,40.8603,-115.7425,1595.6,"NV","ELKO NWS OFFICE",4001,"Elko"
"USW00093209",2813.3,35.6697,-120.6283,246.9,"CA","PASO ROBLES MUNI AP",4397,"Paso Robles"
"USC00042805",2792.8,33.6861,-117.3458,386.5,"CA","ELSINORE",4829,"Lake Elsinore"
"USC00487105",2791.5,42.4717,-106.8528,1805.3,"WY","PATHFINDER DAM",3364,"Casper"
"US1NVWH0011",2730.8,39.5084,-119.8442,1393.9,"NV","RENO 2.4 SSW",3694,"Reno"
"USW00094185",2697.6,43.595,-118.9564,1261.9,"OR","BURNS MUNI AP",3741,"Burns"
"US1NVWH0002",2689.4,39.5573,-119.8144,1494.1,"NV","RENO 1.4 NNE",3653,"Reno"
"USW00023174",2688.7,33.9381,-118.3889,29.6,"CA","LOS ANGELES INTL AP",4757,"Los Angeles"
"USW00024121",2687.1,40.8289,-115.7886,1533.1,"NV","ELKO RGNL AP",3759,"Elko"
"USW00093193",2664.2,36.78,-119.7194,101.5,"CA","FRESNO YOSEMITE INTL AP",3154,"Fresno"
"USC00487760",2659.6,43.0306,-108.3744,1510.3,"WY","RIVERTON",2857,"Riverton"
"US1NMBR0034",2542.7,35.1278,-106.5437,1676.1,"NM","ALBUQUERQUE 4.6 E",3027,"Albuquerque"
"USW00003170",2503.4,39.6014,-116.0056,1809.3,"NV","EUREKA AIRPORT",3477,"Eureka"
"USW00023188",2449.5,32.7336,-117.1831,4.6,"CA","SAN DIEGO LINDBERGH FLD",3886,"San Diego"
"USW00024138",2443.3,45.2575,-112.5545,1585,"MT","DILLON AP",2247,"Dillon"
"USC00029464",2442,33.7775,-112.5231,513,"AZ","WITTMANN 1SE",3727,"Wittmann"
"US1NMBR0148",2441.4,35.0944,-106.6123,1572.8,"NM","ALBUQUERQUE 1.7 SSE",2805,"Albuquerque"
"USC00290231",2351.6,35.0217,-106.6939,1510.3,"NM","ALBUQUERQUE VALLEY",2166,"Albuquerque"
"USC00297477",2341.1,35.2836,-106.6194,1594.1,"NM","RIO RANCHO #1",2601,"Rio Rancho"
"USW00023066",2328.3,39.1342,-108.54,1480.7,"CO","GRAND JUNCTION WALKER FLD",2183,"Grand Junction"
"USW00024128",2294.2,40.9017,-117.8081,1309.4,"NV","WINNEMUCCA MUNI AP",2585,"Winnemucca"
"US1NMDA0116",2286.7,32.2718,-106.7668,1178.1,"NM","MESILLA 2.3 E",2142,"Las Cruces"
"USC00052184",2237.9,37.6911,-106.3078,2391.2,"CO","DEL NORTE 3ENE",3105,"Monte Vista"
"USW00023044",2138,31.8111,-106.3758,1194.2,"TX","EL PASO INTL AP",2058,"El Paso"
"USW00024243",2115.1,46.5683,-120.5428,324.3,"WA","YAKIMA AIR TERMINAL",2172,"Yakima"
"USC00483396",2085.5,41.9861,-110.0611,1976.6,"WY","FONTENELLE DAM",2153,"Kemmerer"
"USC00483031",2060.1,44.4972,-108.3906,1355.8,"WY","EMBLEM",2906,"Greybull"
"USW00023185",2053.4,39.4839,-119.7711,1344.2,"NV","RENO TAHOE INTL AP",2836,"Reno"
"USW00023050",2051.7,35.0419,-106.6156,1618.5,"NM","ALBUQUERQUE INTL AP",2231,"Albuquerque"
"USC00027187",2033.4,32.8117,-111.6314,455.7,"AZ","ROBSON RCH",2864,"Eloy"
"USC00297481",2006.1,35.2522,-106.6347,1612.4,"NM","RIO RANCHO #2",2098,"Rio Rancho"
"USW00023194",1892.7,35.0281,-110.7208,1489.3,"AZ","WINSLOW MUNI AP",1774,"Winslow"
"USW00023183",1739.9,33.4278,-112.0039,337.4,"AZ","PHOENIX SKY HARBOR INTL AP",1511,"Phoenix"
"USW00023155",1514.6,35.4344,-119.0542,149,"CA","BAKERSFIELD AP",2320,"Bakersfield"
"USW00023179",1170.7,34.7675,-114.6189,271.3,"CA","NEEDLES AP",2159,"Needles"
"USW00023169",1025.1,36.0719,-115.1633,649.5,"NV","LAS VEGAS MCCARRAN AP",1749,"Las Vegas"
